name,position,club_name,minutes_90s,goals,pens_made,xg,npxg,assists,xg_assist,sca
Mohamed Salah,FW,Liverpool,19.3,14,4,14.3,9.4,8,8.5,88
Virgil van Dijk,DF,Liverpool,18.3,1,0,1.6,1.6,2,1.1,30
Dominik Szoboszlai,MF,Liverpool,17.7,2,0,1.8,1.8,2,4.2,73
Trent Alexander-Arnold,DF,Liverpool,16.6,2,0,1.8,1.5,3,5.1,91
Luis Díaz,FW,Liverpool,13.5,3,0,3.9,3.9,1,1.6,64
Alexis Mac Allister,MF,Liverpool,13.2,1,0,0.2,0.2,1,0.6,35
Darwin Núñez,FW,Liverpool,13.4,7,0,9.4,9.4,6,4.4,51
Ibrahima Konaté,DF,Liverpool,10.8,0,0,0.4,0.4,0,0.3,15
Joe Gomez,DF,Liverpool,11.4,0,0,0.5,0.5,1,0.7,27
Cody Gakpo,"FW,MF",Liverpool,9.3,3,0,4.4,4.4,2,0.6,28
Joël Matip,DF,Liverpool,8.7,0,0,0.5,0.5,0,0.1,8
Diogo Jota,"FW,MF",Liverpool,8.4,7,0,3.3,3.3,2,2.1,32
Andrew Robertson,DF,Liverpool,8.0,1,0,0.5,0.5,0,1.0,27
Wataru Endo,MF,Liverpool,7.8,1,0,0.3,0.3,0,0.3,21
Kostas Tsimikas,DF,Liverpool,7.4,0,0,0.1,0.1,3,0.9,30
Curtis Jones,MF,Liverpool,7.3,1,0,1.7,1.7,1,0.3,16
Ryan Gravenberch,MF,Liverpool,7.3,0,0,1.4,1.4,0,0.7,26
Harvey Elliott,"MF,FW",Liverpool,5.3,1,0,0.7,0.7,1,1.1,19
Jarell Quansah,DF,Liverpool,2.9,0,0,0.1,0.1,0,0.0,0
Conor Bradley,DF,Liverpool,0.9,0,0,0.3,0.3,1,0.1,2
Ben Doak,FW,Liverpool,0.2,0,0,0.0,0.0,0,0.0,0
Owen Beck,DF,Liverpool,0.1,0,0,0.0,0.0,0,0.0,0
Bobby Clark,MF,Liverpool,0.1,0,0,0.0,0.0,0,0.0,0
Kaide Gordon,FW,Liverpool,0.0,0,0,0.0,0.0,0,0.0,0
James McConnell,MF,Liverpool,0.0,0,0,0.0,0.0,0,0.0,0
Kyle Walker,DF,Manchester City,19.7,0,0,0.3,0.3,2,1.7,40
Julián Álvarez,"MF,FW",Manchester City,18.6,6,1,7.2,6.4,5,5.0,82
Phil Foden,"FW,MF",Manchester City,17.8,5,0,4.6,4.6,6,4.3,81
Rodri,MF,Manchester City,16.1,4,0,2.4,2.4,3,1.6,78
Bernardo Silva,"MF,FW",Manchester City,15.8,6,0,2.2,2.2,4,4.2,72
Rúben Dias,DF,Manchester City,15.4,0,0,0.7,0.7,0,0.2,16
Erling Haaland,FW,Manchester City,14.4,14,3,14.8,11.6,4,3.2,27
Joško Gvardiol,DF,Manchester City,14.4,0,0,0.7,0.7,0,0.8,22
Manuel Akanji,"DF,MF",Manchester City,14.0,2,0,0.6,0.6,0,0.2,23
Nathan Aké,DF,Manchester City,12.2,2,0,1.5,1.5,1,1.1,19
Jeremy Doku,"FW,DF",Manchester City,8.6,2,0,1.1,1.1,5,2.7,48
Mateo Kovačić,MF,Manchester City,9.5,0,0,0.7,0.7,0,1.0,32
Jack Grealish,FW,Manchester City,7.7,3,0,1.9,1.9,1,2.0,39
John Stones,"DF,MF",Manchester City,4.6,0,0,0.0,0.0,0,0.1,5
Rico Lewis,"MF,DF",Manchester City,4.0,1,0,0.3,0.3,0,0.5,5
Matheus Nunes,MF,Wolverhampton Wanderers,2.0,0,0,0.1,0.1,0,0.1,7
Kevin De Bruyne,MF,Manchester City,0.5,1,0,0.2,0.2,1,1.3,4
Oscar Bobb,"FW,MF",Manchester City,1.3,1,0,1.0,1.0,1,0.6,10
Kalvin Phillips,MF,Manchester City,1.0,0,0,0.1,0.1,0,0.0,1
Sergio Gómez,FW,Manchester City,0.2,0,0,0.0,0.0,1,0.2,2
Aymeric Laporte,DF,Manchester City,0.1,0,0,0.0,0.0,0,0.0,0
Cole Palmer,"FW,MF",Chelsea,13.7,9,5,7.9,3.9,4,5.4,67
James Mcatee,MF,Sheffield United,12.2,1,0,1.2,1.2,2,1.6,39
William Saliba,DF,Arsenal,21.0,1,0,1.1,1.1,1,0.1,20
Declan Rice,MF,Arsenal,20.2,3,0,1.6,1.6,2,2.2,41
Bukayo Saka,FW,Arsenal,19.4,6,2,7.0,5.4,6,6.2,113
Martin Ødegaard,MF,Arsenal,17.7,4,2,4.0,2.4,3,3.6,106
Ben White,DF,Arsenal,17.4,1,0,0.6,0.6,1,1.9,40
Gabriel Dos Santos,DF,Arsenal,17.2,3,0,2.0,2.0,0,0.7,14
Gabriel Martinelli,FW,Arsenal,14.5,4,0,3.3,3.3,2,2.4,60
Oleksandr Zinchenko,DF,Arsenal,14.4,1,0,0.5,0.5,1,1.6,50
Kai Havertz,MF,Arsenal,13.8,4,1,4.1,3.3,1,1.2,31
Gabriel Jesus,FW,Arsenal,11.3,3,0,4.9,4.9,2,2.5,39
Eddie Nketiah,FW,Arsenal,10.9,5,0,4.1,4.1,2,0.7,26
Leandro Trossard,"FW,MF",Arsenal,8.2,4,0,3.9,3.9,1,1.7,33
Takehiro Tomiyasu,DF,Arsenal,7.0,1,0,0.5,0.5,1,0.2,11
Jorginho,MF,Arsenal,4.5,0,0,0.1,0.1,1,0.6,9
Jakub Kiwior,DF,Arsenal,3.4,0,0,0.5,0.5,0,0.0,3
Thomas Partey,"DF,MF",Arsenal,2.8,0,0,0.1,0.1,0,0.1,10
Fabio Vieira,MF,Arsenal,2.7,1,1,1.2,0.4,2,1.1,9
Emile Smith Rowe,MF,Arsenal,1.6,0,0,1.0,1.0,1,0.1,4
Jurriën Timber,DF,Arsenal,0.5,0,0,0.0,0.0,0,0.0,0
Reiss Nelson,"FW,MF",Arsenal,1.2,0,0,0.1,0.1,0,0.5,4
Mohamed Elneny,MF,Arsenal,0.0,0,0,0.0,0.0,0,0.0,0
Ezri Konsa,DF,Aston Villa,20.5,0,0,1.7,1.7,0,0.4,20
Ollie Watkins,FW,Aston Villa,20.5,9,0,9.4,9.4,8,4.3,60
John McGinn,"MF,FW",Aston Villa,19.9,5,0,2.9,2.9,2,2.7,75
Douglas Luiz,MF,Aston Villa,19.4,6,4,5.2,2.1,3,2.5,74
Lucas Digne,DF,Aston Villa,16.9,0,0,0.4,0.4,2,2.8,54
Boubacar Kamara,MF,Aston Villa,16.0,0,0,0.1,0.1,1,1.3,34
Moussa Diaby,"FW,MF",Aston Villa,15.0,4,0,4.4,4.4,4,4.2,46
Pau Torres,DF,Aston Villa,16.9,2,0,0.9,0.9,0,0.4,19
Matty Cash,"DF,MF",Aston Villa,14.2,2,0,3.6,3.6,1,1.7,27
Diego Carlos,DF,Aston Villa,10.9,0,0,0.6,0.6,0,0.0,5
Leon Bailey,"MF,FW",Aston Villa,10.3,6,0,3.1,3.1,5,3.8,41
Nicolò Zaniolo,"FW,MF",Aston Villa,5.6,1,0,1.7,1.7,0,0.7,21
Youri Tielemans,"MF,FW",Aston Villa,6.6,0,0,0.2,0.2,3,1.2,18
Jacob Ramsey,"MF,FW",Aston Villa,5.4,1,0,0.8,0.8,0,0.3,17
Clément Lenglet,DF,Aston Villa,3.7,0,0,0.0,0.0,1,0.8,5
Álex Moreno,DF,Aston Villa,4.0,1,0,0.9,0.9,0,0.8,13
Leander Dendoncker,MF,Aston Villa,1.3,1,0,0.7,0.7,0,0.0,2
Tyrone Mings,DF,Aston Villa,0.3,0,0,0.0,0.0,0,0.0,2
Jhon Durán,"FW,MF",Aston Villa,2.1,2,0,1.3,1.3,0,0.1,7
Philippe Coutinho,"MF,FW",Aston Villa,0.3,0,0,0.1,0.1,0,0.0,2
Bertrand Traoré,"DF,FW",Aston Villa,0.1,0,0,0.0,0.0,0,0.0,0
Cameron Archer,"FW,MF",Sheffield United,14.9,3,0,3.0,3.0,0,1.7,32
Tim Iroegbunam,MF,Aston Villa,0.1,0,0,0.0,0.0,0,0.0,0
Jaden Philogene Bidace,FW,Aston Villa,0.0,0,0,0.0,0.0,0,0.0,0
Pedro Porro,DF,Tottenham Hotspur,20.0,0,0,2.1,2.1,7,6.0,72
Son Heung-min,FW,Tottenham Hotspur,18.8,12,1,7.1,6.3,5,6.1,72
Dejan Kulusevski,"FW,MF",Tottenham Hotspur,18.5,5,0,2.5,2.5,2,4.8,82
Destiny Udogie,DF,Tottenham Hotspur,16.7,1,0,1.7,1.7,2,1.1,36
Cristian Romero,DF,Tottenham Hotspur,14.0,3,0,1.4,1.4,0,0.2,19
Pape Matar Sarr,MF,Tottenham Hotspur,13.0,2,0,2.3,2.3,2,1.4,36
Yves Bissouma,MF,Tottenham Hotspur,13.4,0,0,1.2,1.2,0,0.3,31
Richarlison,FW,Tottenham Hotspur,11.2,7,0,6.4,6.4,3,1.4,21
Micky van de Ven,DF,Tottenham Hotspur,11.5,1,0,0.3,0.3,0,0.0,3
Brennan Johnson,"FW,MF",Nottingham Forest,2.6,0,0,0.3,0.3,0,0.2,7
James Maddison,MF,Tottenham Hotspur,9.8,3,0,2.8,2.8,5,2.8,80
Ben Davies,DF,Tottenham Hotspur,10.0,1,0,1.8,1.8,0,0.1,10
Emerson,DF,Tottenham Hotspur,8.7,1,0,0.1,0.1,0,0.4,14
Pierre Højbjerg,MF,Tottenham Hotspur,9.2,0,0,0.3,0.3,0,0.8,20
Giovani Lo Celso,MF,Tottenham Hotspur,4.6,2,0,0.4,0.4,2,0.8,15
Oliver Skipp,"MF,FW",Tottenham Hotspur,5.9,0,0,0.4,0.4,0,0.6,13
Rodrigo Bentancur,MF,Tottenham Hotspur,2.6,1,0,1.0,1.0,0,0.1,5
Manor Solomon,FW,Tottenham Hotspur,2.2,0,0,0.4,0.4,2,0.8,19
Bryan Gil,"FW,MF",Tottenham Hotspur,2.1,0,0,0.7,0.7,0,0.1,7
Eric Dier,DF,Tottenham Hotspur,2.2,0,0,0.0,0.0,0,0.0,2
Timo Werner,FW,Tottenham Hotspur,0.9,0,0,0.3,0.3,1,0.1,3
Ivan Perišić,FW,Tottenham Hotspur,1.1,0,0,0.1,0.1,1,0.9,8
Davinson Sánchez,DF,Tottenham Hotspur,0.9,0,0,0.1,0.1,0,0.0,1
Alejo Véliz,FW,Tottenham Hotspur,0.6,1,0,0.2,0.2,0,0.0,1
Radu Drăgușin,"DF,MF",Tottenham Hotspur,0.1,0,0,0.0,0.0,0,0.0,0
Jamie Donley,FW,Tottenham Hotspur,0.0,0,0,0.0,0.0,0,0.0,0
Jarrod Bowen,FW,West Ham United,20.0,11,0,7.7,7.7,2,2.7,54
Vladimír Coufal,DF,West Ham United,19.9,0,0,0.0,0.0,5,2.3,41
James Ward-Prowse,MF,West Ham United,19.7,4,1,4.0,3.2,6,4.0,68
Emerson Palmieri,DF,West Ham United,19.5,0,0,0.8,0.8,1,2.0,41
Tomáš Souček,MF,West Ham United,18.0,5,0,4.5,4.5,1,0.7,21
Lucas Paquetá,"FW,MF",West Ham United,16.8,2,1,2.8,2.0,5,3.2,51
Kurt Zouma,DF,West Ham United,16.7,1,0,1.1,1.1,0,0.0,8
Nayef Aguerd,DF,West Ham United,15.7,1,0,1.3,1.3,0,0.2,10
Edson Álvarez,MF,West Ham United,14.9,0,0,0.4,0.4,1,0.1,13
Michail Antonio,FW,West Ham United,9.0,2,0,1.8,1.8,2,0.7,18
Kudus Mohammed,"FW,MF",West Ham United,10.7,6,0,1.9,1.9,1,1.3,32
Konstantinos Mavropanos,DF,West Ham United,6.5,1,0,0.4,0.4,0,0.1,2
Saïd Benrahma,"FW,MF",West Ham United,6.9,0,0,1.8,1.0,1,1.4,26
Pablo Fornals,"MF,FW",West Ham United,4.7,0,0,0.3,0.3,0,0.3,16
Angelo Ogbonna,DF,West Ham United,3.6,0,0,0.0,0.0,0,0.0,0
Danny Ings,FW,West Ham United,2.6,0,0,0.9,0.9,0,0.2,12
Aaron Cresswell,DF,West Ham United,1.4,0,0,0.0,0.0,0,0.1,2
Ben Johnson,"DF,MF",West Ham United,1.2,0,0,0.0,0.0,0,0.0,1
Maxwel Cornet,MF,West Ham United,0.8,1,0,0.3,0.3,0,0.0,1
Divin Mubama,FW,West Ham United,0.9,0,0,0.1,0.1,0,0.0,0
Thilo Kehrer,"DF,MF",West Ham United,0.2,0,0,0.0,0.0,0,0.0,0
Pascal Groß,"MF,DF",Brighton & Hove Albion,18.2,3,0,3.6,3.6,6,5.0,92
Lewis Dunk,DF,Brighton & Hove Albion,16.7,1,0,2.2,2.2,0,0.2,23
Billy Gilmour,MF,Brighton & Hove Albion,15.2,0,0,0.8,0.8,1,1.9,52
Jan Paul van Hecke,DF,Brighton & Hove Albion,14.3,0,0,1.0,1.0,0,0.2,18
Kaoru Mitoma,FW,Brighton & Hove Albion,14.7,3,0,3.2,3.2,4,2.6,56
Simon Adingra,"FW,MF",Brighton & Hove Albion,12.7,4,0,2.4,2.4,1,2.1,36
Evan Ferguson,FW,Brighton & Hove Albion,11.0,6,0,3.7,3.7,0,0.5,19
João Pedro,"FW,MF",Brighton & Hove Albion,13.7,7,4,7.7,4.6,2,2.2,56
James Milner,"DF,MF",Brighton & Hove Albion,8.4,0,0,0.2,0.2,2,1.7,23
Danny Welbeck,"FW,MF",Brighton & Hove Albion,7.4,2,0,1.9,1.9,0,0.8,29
Joël Veltman,DF,Brighton & Hove Albion,10.2,0,0,0.1,0.1,1,0.4,7
Igor,DF,Brighton & Hove Albion,7.8,0,0,0.1,0.1,0,0.3,12
Pervis Estupiñán,DF,Brighton & Hove Albion,7.8,2,0,0.9,0.9,3,3.0,27
Adam Lallana,MF,Brighton & Hove Albion,5.8,0,0,0.3,0.3,1,0.8,15
Jack Hinshelwood,"DF,MF",Brighton & Hove Albion,7.9,2,0,1.8,1.8,0,0.7,14
Adam Webster,DF,Brighton & Hove Albion,7.0,0,0,0.2,0.2,0,0.0,5
Facundo Buonanotte,"MF,FW",Brighton & Hove Albion,6.3,1,0,0.8,0.8,1,1.2,21
Carlos Baleba,MF,Brighton & Hove Albion,6.2,0,0,0.4,0.4,0,0.1,7
Solly March,"FW,DF",Brighton & Hove Albion,6.2,3,0,2.0,2.0,1,1.0,22
Mahmoud Dahoud,MF,Brighton & Hove Albion,5.0,0,0,0.2,0.2,1,0.9,13
Ansu Fati,"MF,FW",Brighton & Hove Albion,3.2,2,0,2.7,2.7,0,0.5,14
Tariq Lamptey,"DF,FW",Brighton & Hove Albion,2.2,0,0,0.0,0.0,2,0.4,3
Julio César Enciso,MF,Brighton & Hove Albion,0.8,0,0,0.2,0.2,2,0.7,5
Jakub Moder,"MF,DF",Brighton & Hove Albion,0.8,0,0,0.2,0.2,0,0.1,3
Benicio Boaitey,"DF,FW",Brighton & Hove Albion,0.2,0,0,0.0,0.0,0,0.0,0
Bruno Fernandes,"MF,FW",Manchester United,20.0,3,1,4.8,3.2,3,6.3,110
Diogo Dalot,DF,Manchester United,18.3,1,0,0.7,0.7,1,1.4,42
Marcus Rashford,FW,Manchester United,15.7,4,1,5.1,4.3,2,1.9,53
Alejandro Garnacho,FW,Manchester United,12.8,3,0,3.8,3.8,2,2.2,47
Rasmus Højlund,FW,Manchester United,12.4,2,0,3.2,3.2,1,0.7,28
Scott McTominay,MF,Manchester United,12.7,5,0,4.0,4.0,0,0.4,13
Antony,FW,Manchester United,10.1,0,0,1.4,1.4,0,2.1,35
Victor Lindelöf,DF,Manchester United,10.0,1,0,0.2,0.2,1,0.3,12
Aaron Wan-Bissaka,DF,Manchester United,9.8,0,0,0.1,0.1,1,1.2,10
Jonny Evans,DF,Manchester United,9.8,0,0,0.1,0.1,1,0.2,6
Christian Eriksen,MF,Manchester United,9.4,1,0,0.7,0.7,1,1.4,27
Harry Maguire,DF,Manchester United,9.3,0,0,0.5,0.5,1,0.4,12
Raphaël Varane,DF,Manchester United,7.8,1,0,1.2,1.2,0,0.1,10
Luke Shaw,DF,Manchester United,7.7,0,0,0.0,0.0,0,0.9,15
Casemiro,MF,Manchester United,7.2,1,0,1.8,1.8,0,0.3,14
Sofyan Amrabat,"MF,DF",Manchester United,6.8,0,0,0.1,0.1,0,0.2,8
Kobbie Mainoo,MF,Manchester United,6.0,0,0,0.0,0.0,0,0.0,5
Anthony Martial,FW,Manchester United,5.0,1,0,1.2,1.2,0,0.2,11
Lisandro Martínez,DF,Manchester United,4.5,0,0,0.0,0.0,1,0.1,6
Sergio Reguilón,DF,Brentford,0.2,0,0,0.0,0.0,0,0.0,0
Mason Mount,MF,Manchester United,4.4,0,0,0.2,0.2,0,0.2,17
Facundo Pellistri,"FW,MF",Manchester United,1.9,0,0,0.7,0.7,1,0.1,3
Hannibal Mejbri,"MF,FW",Manchester United,1.5,1,0,0.0,0.0,0,0.4,6
Willy Kambwala,DF,Manchester United,0.9,0,0,0.0,0.0,0,0.0,0
Jadon Sancho,"FW,MF",Manchester United,0.9,0,0,0.0,0.0,0,0.1,4
Amad Diallo,FW,Manchester United,0.4,0,0,0.1,0.1,0,0.1,3
Donny van de Beek,DF,Manchester United,0.0,0,0,0.0,0.0,0,0.1,1
Daniel Gore,MF,Manchester United,0.0,0,0,0.0,0.0,0,0.0,0
Conor Gallagher,MF,Chelsea,18.7,0,0,1.6,1.6,4,2.8,62
Thiago Silva,DF,Chelsea,19.4,1,0,0.3,0.3,0,0.6,21
Axel Disasi,DF,Chelsea,18.7,1,0,0.9,0.9,0,0.2,8
Levi Colwill,DF,Chelsea,17.8,1,0,1.3,1.3,1,1.2,23
Raheem Sterling,"FW,MF",Chelsea,16.6,5,0,4.5,4.5,3,3.5,63
Moisés Caicedo,MF,Chelsea,16.2,0,0,0.2,0.2,0,1.0,28
Nicolas Jackson,FW,Chelsea,16.1,7,0,10.6,10.6,2,2.4,48
Enzo Fernández,MF,Chelsea,15.0,2,1,4.9,3.3,0,1.6,53
Malo Gusto,DF,Chelsea,9.9,0,0,0.4,0.4,3,1.4,17
Mykhailo Mudryk,FW,Chelsea,9.0,3,0,1.7,1.7,1,1.8,27
Marc Cucurella,DF,Chelsea,7.8,0,0,0.8,0.8,0,0.2,12
Armando Broja,FW,Chelsea,5.0,1,0,2.4,2.4,0,0.2,8
Benoît Badiashile,DF,Chelsea,5.1,0,0,0.1,0.1,1,0.5,8
Reece James,DF,Chelsea,4.3,0,0,0.3,0.3,1,1.5,14
Ben Chilwell,"DF,MF",Chelsea,3.9,0,0,1.0,1.0,1,1.9,13
Lesley Ugochukwu,MF,Chelsea,3.0,0,0,0.0,0.0,0,0.0,3
Noni Madueke,FW,Chelsea,2.9,2,1,1.2,0.4,0,0.5,14
Carney Chukwuemeka,MF,Chelsea,1.4,1,0,0.1,0.1,0,0.1,4
Ian Maatsen,"FW,MF",Chelsea,2.3,0,0,0.8,0.8,0,0.1,5
Christopher Nkunku,"MF,FW",Chelsea,1.5,1,0,0.9,0.9,0,0.1,5
Roméo Lavia,MF,Chelsea,0.4,0,0,0.0,0.0,0,0.0,0
Deivid Washington,DF,Chelsea,0.1,0,0,0.5,0.5,0,0.0,0
Mason Burstow,FW,Chelsea,0.1,0,0,0.0,0.0,0,0.0,0
Alfie Gilchrist,"DF,FW",Chelsea,0.0,0,0,0.0,0.0,0,0.0,0
Alex Matos,MF,Chelsea,0.0,0,0,0.0,0.0,0,0.0,0
Fabian Schär,DF,Newcastle United,20.1,0,0,1.0,1.0,0,0.4,31
Bruno Guimarães,MF,Newcastle United,19.6,1,0,2.0,2.0,3,2.5,59
Kieran Trippier,DF,Newcastle United,18.5,0,0,0.3,0.3,7,6.4,83
Anthony Gordon,FW,Newcastle United,18.4,7,0,5.6,5.6,5,4.1,67
Miguel Almirón,FW,Newcastle United,15.9,3,0,4.0,4.0,1,1.6,42
Dan Burn,DF,Newcastle United,14.9,2,0,1.8,1.8,1,0.7,13
Joelinton,"MF,FW",Newcastle United,12.6,2,0,2.3,2.3,1,2.0,39
Sean Longstaff,MF,Newcastle United,14.1,2,0,1.8,1.8,2,1.5,22
Alexander Isak,FW,Newcastle United,12.6,10,2,10.1,8.5,0,1.0,33
Jamaal Lascelles,DF,Newcastle United,11.6,1,0,0.7,0.7,0,0.1,8
Lewis Miley,MF,Newcastle United,8.3,1,0,1.2,1.2,1,1.4,20
Sven Botman,DF,Newcastle United,8.5,2,0,0.5,0.5,1,0.8,7
Callum Wilson,FW,Newcastle United,8.1,7,2,7.2,5.7,1,0.3,15
Valentino Livramento,DF,Newcastle United,7.8,0,0,0.0,0.0,0,0.4,19
Sandro Tonali,MF,Newcastle United,4.9,1,0,0.7,0.7,0,0.6,12
Elliot Anderson,"MF,FW",Newcastle United,4.6,0,0,0.7,0.7,1,0.9,14
Harvey Barnes,FW,Newcastle United,2.1,1,0,0.7,0.7,1,0.9,6
Joe Willock,"MF,FW",Newcastle United,1.5,0,0,0.1,0.1,0,0.3,4
Jacob Murphy,FW,Newcastle United,1.3,1,0,0.1,0.1,3,1.4,8
Lewis Hall,DF,Newcastle United,1.2,0,0,0.0,0.0,0,0.0,2
Matt Targett,DF,Newcastle United,0.9,0,0,0.0,0.0,0,0.0,4
Matt Ritchie,FW,Newcastle United,1.2,0,0,0.2,0.2,0,0.0,2
Emil Krafth,DF,Newcastle United,0.9,0,0,0.1,0.1,0,0.5,7
Ben Parkinson,FW,Newcastle United,0.3,0,0,0.0,0.0,0,0.0,0
Paul Dummett,DF,Newcastle United,0.1,0,0,0.0,0.0,0,0.0,0
Alex Murphy,"FW,DF",Newcastle United,0.0,0,0,0.0,0.0,0,0.0,0
Amadou Diallo,MF,Newcastle United,0.0,0,0,0.0,0.0,0,0.0,0
Michael Ndiweni,FW,Newcastle United,0.0,0,0,0.0,0.0,0,0.0,0
Max Kilman,DF,Wolverhampton Wanderers,21.0,1,0,0.8,0.8,0,0.6,21
Matheus Cunha,"FW,MF",Wolverhampton Wanderers,19.6,6,0,6.7,6.7,5,2.8,59
Nélson Semedo,"DF,MF",Wolverhampton Wanderers,19.2,0,0,0.7,0.7,1,0.6,26
Craig Dawson,DF,Wolverhampton Wanderers,18.5,1,0,1.3,1.3,0,0.6,6
Mario Lemina,MF,Wolverhampton Wanderers,17.3,4,0,3.1,3.1,0,0.2,21
Hwang Hee-chan,"FW,MF",Wolverhampton Wanderers,16.1,10,1,5.9,5.2,3,2.9,34
João Gomes,MF,Wolverhampton Wanderers,15.4,0,0,0.5,0.5,0,0.8,34
Toti Gomes,DF,Wolverhampton Wanderers,15.3,0,0,0.7,0.7,2,0.8,9
Rayan Aït Nouri,"DF,MF",Wolverhampton Wanderers,12.7,0,0,1.3,1.3,0,0.9,31
Pedro Neto,"FW,MF",Wolverhampton Wanderers,10.9,1,0,2.5,2.5,7,3.4,48
Pablo Sarabia,"FW,MF",Wolverhampton Wanderers,8.3,1,0,1.4,1.4,5,4.4,40
Jean-Ricner Bellegarde,MF,Wolverhampton Wanderers,6.0,2,0,0.7,0.7,1,0.4,18
Tommy Doyle,MF,Wolverhampton Wanderers,5.6,0,0,0.1,0.1,0,0.2,11
Hugo Bueno,"DF,MF",Wolverhampton Wanderers,4.4,0,0,0.2,0.2,0,0.5,13
Boubacar Traoré,MF,Wolverhampton Wanderers,4.3,0,0,0.1,0.1,0,0.2,9
Fábio Silva,FW,Wolverhampton Wanderers,2.9,0,0,1.0,1.0,0,0.2,9
Matt Doherty,"DF,MF",Wolverhampton Wanderers,5.7,1,0,0.5,0.5,0,0.7,6
Santiago Bueno,DF,Wolverhampton Wanderers,2.2,0,0,0.0,0.0,0,0.0,0
Sasa Kalajdzic,FW,Wolverhampton Wanderers,1.8,2,0,1.1,1.1,0,1.0,5
Jonny Castro,MF,Wolverhampton Wanderers,0.1,0,0,0.0,0.0,0,0.0,0
Tawanda Chirewa,FW,Wolverhampton Wanderers,0.0,0,0,0.0,0.0,0,0.0,0
Illia Zabarnyi,DF,Bournemouth,20.0,0,0,0.4,0.4,0,0.1,12
Dominic Solanke,FW,Bournemouth,19.7,12,1,11.1,10.3,1,1.0,31
Ryan Christie,MF,Bournemouth,17.5,0,0,0.9,0.9,2,3.5,54
Marcus Tavernier,FW,Bournemouth,14.0,2,0,2.7,2.7,4,3.2,55
Lewis Cook,MF,Bournemouth,13.0,0,0,0.1,0.1,1,1.7,34
Marcos Senesi,DF,Bournemouth,13.4,2,0,0.7,0.7,2,0.5,25
Milos Kerkez,DF,Bournemouth,12.9,0,0,0.2,0.2,1,0.3,11
Philip Billing,MF,Bournemouth,13.1,2,0,2.1,2.1,2,2.5,36
Max Aarons,DF,Bournemouth,12.1,0,0,0.0,0.0,1,0.8,20
Justin Kluivert,"MF,FW",Bournemouth,9.7,2,0,1.7,1.7,0,0.8,27
Antoine Semenyo,FW,Bournemouth,9.4,3,0,1.9,1.9,1,1.7,26
Adam Smith,DF,Bournemouth,8.3,0,0,0.0,0.0,2,0.6,14
Lloyd Kelly,DF,Bournemouth,8.0,0,0,0.1,0.1,0,0.2,12
Dango Ouattara,"FW,DF",Bournemouth,5.1,0,0,1.1,1.1,0,0.5,17
Alex Scott,MF,Bournemouth,4.2,1,0,0.2,0.2,1,0.4,15
Luis Sinisterra,"FW,MF",Bournemouth,4.7,2,0,1.5,1.5,1,1.1,21
Joe Rothwell,MF,Bournemouth,4.3,0,0,0.1,0.1,0,0.2,12
Chris Mepham,DF,Bournemouth,3.0,0,0,0.1,0.1,0,0.0,4
David Brooks,"FW,MF",Bournemouth,3.1,1,0,2.2,2.2,1,1.0,20
Jaidon Anthony,FW,Bournemouth,1.7,0,0,0.1,0.1,0,0.0,3
James Hill,DF,Bournemouth,0.8,0,0,0.0,0.0,0,0.0,1
Kieffer Moore,"FW,MF",Bournemouth,1.2,1,0,1.5,1.5,0,0.2,5
Hamed Junior Traorè,MF,Bournemouth,0.5,0,0,0.2,0.2,0,0.0,4
Antonee Robinson,DF,Fulham,19.4,0,0,0.3,0.3,3,2.8,36
Andreas Pereira,MF,Fulham,15.6,1,0,1.3,1.3,4,3.7,63
João Palhinha,MF,Fulham,16.6,2,0,0.9,0.9,1,0.2,13
Raúl Jiménez,FW,Fulham,13.3,5,0,4.2,4.2,0,1.3,24
Timothy Castagne,DF,Fulham,14.5,0,0,0.5,0.5,0,0.7,28
Willian,FW,Fulham,13.0,4,2,3.8,2.2,1,1.6,62
Tim Ream,DF,Fulham,12.7,1,0,1.0,1.0,0,0.0,4
Calvin Bassey,DF,Fulham,12.4,0,0,0.0,0.0,0,0.0,4
Alex Iwobi,MF,Everton,1.6,0,0,0.3,0.3,0,0.2,12
Harry Wilson,FW,Fulham,12.3,2,0,1.8,1.8,3,2.1,42
Tom Cairney,MF,Fulham,10.1,1,0,0.7,0.7,3,1.2,30
Issa Diop,DF,Fulham,9.9,0,0,0.2,0.2,0,0.0,3
Bobby Reid,FW,Fulham,9.7,4,0,3.3,3.3,0,0.3,16
Harrison Reed,MF,Fulham,8.8,0,0,0.1,0.1,1,0.7,15
Kenny Tete,DF,Fulham,7.4,1,0,0.8,0.8,0,0.1,8
Tosin Adarabioyo,DF,Fulham,7.0,1,0,0.1,0.1,0,0.1,2
Saša Lukić,MF,Fulham,4.4,0,0,0.7,0.7,0,0.2,7
Rodrigo Muniz,FW,Fulham,3.6,0,0,0.7,0.7,0,0.5,8
Carlos Vinícius,FW,Fulham,3.5,2,0,1.6,1.6,0,0.8,9
Luke Harris,MF,Fulham,0.8,0,0,0.3,0.3,0,0.0,0
Fodé Ballo-Touré,DF,Fulham,0.6,0,0,0.0,0.0,0,0.0,0
Adama Traoré,"FW,DF",Fulham,0.5,0,0,0.2,0.2,0,0.0,0
Aleksandar Mitrović,FW,Fulham,0.4,0,0,0.2,0.2,0,0.0,2
Ethan Pinnock,DF,Brentford,20.0,1,0,1.6,1.6,0,1.0,23
Vitaly Janelt,"MF,DF",Brentford,18.1,0,0,1.1,1.1,1,3.4,48
Christian Nørgaard,MF,Brentford,17.2,1,0,2.3,2.3,1,1.3,40
Yoane Wissa,FW,Brentford,17.2,4,0,6.5,6.5,1,1.8,37
Bryan Mbeumo,FW,Brentford,14.3,7,3,8.5,6.2,3,2.7,58
Nathan Collins,DF,Brentford,14.3,1,0,1.2,1.2,1,1.0,8
Mathias Jensen,MF,Brentford,12.0,3,0,0.5,0.5,3,2.6,48
Mads Roerslev,DF,Brentford,9.1,0,0,0.1,0.1,2,0.9,18
Ben Mee,DF,Brentford,8.5,2,0,0.6,0.6,0,0.3,12
Aaron Hickey,DF,Brentford,7.9,0,0,0.2,0.2,0,0.1,7
Kristoffer Ajer,DF,Brentford,8.1,0,0,0.7,0.7,1,1.6,17
Neal Maupay,FW,Everton,1.2,0,0,1.4,1.4,0,0.1,3
Saman Ghoddos,DF,Brentford,7.8,1,0,0.3,0.3,0,1.1,19
Keane Lewis-Potter,"FW,DF",Brentford,7.4,2,0,3.1,3.1,0,0.7,17
Frank Onyeka,MF,Brentford,8.2,0,0,1.4,1.4,1,1.6,24
Rico Henry,DF,Brentford,4.5,0,0,0.1,0.1,1,1.0,13
Yehor Yarmoliuk,MF,Brentford,3.9,0,0,0.0,0.0,0,0.0,0
Kevin Schade,"FW,MF",Brentford,2.9,1,0,0.7,0.7,0,0.4,8
Mikkel Damsgaard,MF,Brentford,3.5,0,0,0.6,0.6,0,0.5,9
Shandon Baptiste,MF,Brentford,2.3,1,0,0.7,0.7,0,0.1,3
Mathias Jørgensen,DF,Brentford,2.1,0,0,0.0,0.0,0,0.3,1
Ivan Toney,FW,Brentford,1.0,1,0,0.1,0.1,0,0.2,5
Michael Olakigbe,"DF,FW",Brentford,0.7,0,0,0.1,0.1,0,0.0,3
Myles Peart-Harris,"DF,MF",Brentford,0.1,0,0,0.0,0.0,0,0.0,1
Josh Dasilva,"FW,MF",Brentford,0.1,0,0,0.0,0.0,0,0.0,0
Joachim Andersen,DF,Crystal Palace,21.0,2,0,1.2,1.2,1,1.4,29
Marc Guéhi,DF,Crystal Palace,19.9,0,0,0.6,0.6,1,0.5,16
Tyrick Mitchell,DF,Crystal Palace,19.1,1,0,0.5,0.5,2,1.1,20
Jordan Ayew,"FW,MF",Crystal Palace,17.2,2,0,2.6,2.6,5,3.4,46
Jefferson Lerma,MF,Crystal Palace,15.5,0,0,2.1,2.1,1,1.6,34
Joel Ward,DF,Crystal Palace,14.8,0,0,0.7,0.7,1,0.2,14
Jeffrey Schlupp,"FW,MF",Crystal Palace,12.8,1,0,1.6,1.6,1,1.7,22
Odsonne Édouard,FW,Crystal Palace,13.8,6,0,5.0,5.0,0,0.9,37
Eberechi Eze,"MF,FW",Crystal Palace,12.1,3,1,4.1,3.3,1,2.2,59
Will Hughes,MF,Crystal Palace,11.5,0,0,0.2,0.2,0,0.6,27
Cheick Doucouré,MF,Crystal Palace,10.2,0,0,0.3,0.3,0,0.7,23
Chris Richards,"MF,DF",Crystal Palace,9.3,0,0,0.1,0.1,0,0.1,6
Jean-Philippe Mateta,FW,Crystal Palace,10.0,2,1,2.6,1.8,3,2.0,34
Nathaniel Clyne,DF,Crystal Palace,8.0,0,0,0.0,0.0,0,0.0,4
Michael Olise,"FW,MF",Crystal Palace,7.5,5,1,3.0,2.2,1,2.7,44
Jaïro Riedewald,"MF,FW",Crystal Palace,2.0,0,0,0.0,0.0,0,0.0,0
Naouirou Ahamada,"MF,FW",Crystal Palace,1.6,0,0,0.2,0.2,0,0.0,5
Jesuran Rak Sakyi,"MF,FW",Crystal Palace,1.5,0,0,0.4,0.4,0,0.2,6
David Ozoh,MF,Crystal Palace,1.3,0,0,0.0,0.0,0,0.0,0
Matheus França,"FW,MF",Crystal Palace,0.7,0,0,0.1,0.1,0,0.3,5
James Tomkins,DF,Crystal Palace,0.1,0,0,0.0,0.0,0,0.0,0
Morgan Gibbs-White,"MF,FW",Nottingham Forest,18.7,2,1,3.4,2.6,3,3.3,77
Orel Mangala,MF,Nottingham Forest,16.6,1,0,0.8,0.8,0,0.2,19
Murillo,DF,Nottingham Forest,14.7,0,0,0.7,0.7,1,0.9,12
Anthony Elanga,"FW,MF",Nottingham Forest,15.1,4,0,3.1,3.1,6,4.8,37
Willy Boly,DF,Nottingham Forest,11.1,1,0,1.3,1.3,0,1.0,9
Ola Aina,DF,Nottingham Forest,11.0,1,0,0.2,0.2,1,0.5,17
Nicolás Domínguez,"MF,FW",Nottingham Forest,9.2,2,0,0.9,0.9,0,0.1,22
Ibrahim Sangaré,MF,Nottingham Forest,9.1,0,0,0.6,0.6,0,0.3,16
Moussa Niakhate,DF,Nottingham Forest,10.9,0,0,0.2,0.2,0,0.1,7
Harry Toffolo,DF,Nottingham Forest,10.2,1,0,1.6,1.6,3,1.1,20
Serge Aurier,"DF,MF",Nottingham Forest,9.3,0,0,0.2,0.2,2,0.5,15
Ryan Yates,MF,Nottingham Forest,10.7,0,0,1.0,1.0,0,0.2,13
Chris Wood,FW,Nottingham Forest,9.2,8,0,5.3,5.3,1,1.4,21
Danilo,"MF,FW",Nottingham Forest,8.3,1,0,0.3,0.3,0,0.3,10
Taiwo Awoniyi,FW,Nottingham Forest,7.4,4,0,3.6,3.6,2,0.8,20
Callum Hudson-Odoi,"FW,MF",Nottingham Forest,6.4,1,0,0.3,0.3,1,0.8,25
Joe Worrall,DF,Nottingham Forest,4.9,0,0,0.1,0.1,0,0.2,3
Scott McKenna,DF,Nottingham Forest,4.6,0,0,0.2,0.2,0,0.2,2
Neco Williams,"DF,MF",Nottingham Forest,5.1,0,0,0.2,0.2,1,1.3,12
Gonzalo Montiel,DF,Nottingham Forest,4.4,0,0,0.1,0.1,1,0.4,7
Cheikhou Kouyaté,MF,Nottingham Forest,2.3,0,0,0.3,0.3,0,0.0,8
Nuno Tavares,DF,Nottingham Forest,2.1,0,0,0.0,0.0,0,0.0,1
Divock Origi,"FW,MF",Nottingham Forest,2.0,0,0,0.2,0.2,0,0.4,4
Felipe,DF,Nottingham Forest,1.5,0,0,0.1,0.1,0,0.0,3
Andrew Omobamidele,DF,Nottingham Forest,1.0,0,0,0.0,0.0,0,0.0,0
Andrey Santos,MF,Nottingham Forest,0.1,0,0,0.1,0.1,0,0.0,2
Brandon Aguilera,FW,Nottingham Forest,0.1,0,0,0.0,0.0,0,0.0,0
James Tarkowski,DF,Everton,21.0,1,0,1.4,1.4,1,0.7,20
James Garner,MF,Everton,18.9,1,0,1.8,1.8,1,2.8,53
Jarrad Branthwaite,DF,Everton,18.0,0,0,0.5,0.5,0,0.9,14
Abdoulaye Doucouré,"FW,MF",Everton,17.0,6,0,5.1,5.1,0,2.4,47
Vitaliy Mykolenko,DF,Everton,16.0,2,0,1.3,1.3,0,0.4,19
Amadou Onana,MF,Everton,15.6,1,0,1.5,1.5,0,2.4,39
Dwight McNeil,"MF,FW",Everton,15.5,2,0,1.9,1.9,4,5.3,54
Ashley Young,DF,Everton,13.4,0,0,0.3,0.3,0,1.0,34
Jack Harrison,"MF,FW",Everton,13.4,2,0,2.0,2.0,3,2.4,39
Dominic Calvert-Lewin,FW,Everton,12.6,3,0,7.6,7.6,0,0.5,29
Idrissa Gana Gueye,MF,Everton,11.2,1,0,1.0,1.0,0,0.7,29
Nathan Patterson,DF,Everton,10.6,0,0,0.3,0.3,2,1.7,18
Beto,FW,Everton,6.0,1,0,2.6,2.6,0,0.3,20
Arnaut Danjuma,"FW,MF",Everton,5.6,1,0,2.5,2.5,0,1.1,16
Michael Keane,DF,Everton,4.5,1,0,0.7,0.7,0,0.0,4
Séamus Coleman,DF,Everton,2.0,0,0,0.0,0.0,0,0.0,2
Lewis Dobbin,MF,Everton,1.9,1,0,0.2,0.2,0,0.0,3
André Gomes,MF,Everton,1.8,1,0,0.1,0.1,0,0.4,5
Ben Godfrey,DF,Everton,1.0,0,0,0.0,0.0,0,0.0,1
Youssef Chermiti,FW,Everton,0.6,0,0,0.2,0.2,0,0.4,3
Thomas Cannon,FW,Everton,0.0,0,0,0.0,0.0,0,0.0,0
Tyler Onyango,MF,Everton,0.0,0,0,0.0,0.0,0,0.0,0
Alfie Doughty,"DF,MF",Luton Town,15.6,1,0,0.5,0.5,5,3.0,59
Amari'i Bell,DF,Luton Town,14.1,0,0,0.3,0.3,0,0.4,18
Carlton Morris,FW,Luton Town,14.1,4,2,4.5,2.9,2,0.5,42
Tom Lockyer,DF,Luton Town,13.0,1,0,1.1,1.1,1,0.6,10
Teden Mengi,DF,Luton Town,13.6,1,0,0.3,0.3,0,0.1,3
Ross Barkley,MF,Luton Town,12.9,2,0,1.8,1.8,1,1.9,39
Marvelous Nakamba,MF,Luton Town,12.6,0,0,0.2,0.2,0,0.4,13
Issa Kaboré,DF,Luton Town,11.6,0,0,0.2,0.2,1,1.6,19
Jacob Brown,"MF,FW",Luton Town,11.2,2,0,2.7,2.7,0,0.7,15
Chiedozie Ogbene,"MF,DF",Luton Town,12.3,1,0,1.3,1.3,1,2.5,49
Elijah Adebayo,FW,Luton Town,10.2,5,0,3.7,3.7,0,0.6,21
Gabriel Osho,DF,Luton Town,9.6,1,0,0.2,0.2,0,0.0,4
Andros Townsend,"MF,FW",Luton Town,7.6,1,0,0.8,0.8,2,0.9,22
Pelly Ruddock Mpanzu,MF,Luton Town,8.2,0,0,0.5,0.5,0,0.4,12
Reece Burke,DF,Luton Town,6.6,0,0,0.4,0.4,1,0.4,9
Tahith Chong,MF,Luton Town,8.4,1,0,0.9,0.9,0,0.1,17
Albert Sambi Lokonga,MF,Luton Town,5.5,0,0,0.3,0.3,1,0.1,11
Ryan John Giles,"DF,MF",Luton Town,5.6,0,0,0.1,0.1,0,0.2,12
Mads Juel Andersen,DF,Luton Town,4.4,1,0,0.3,0.3,0,0.0,0
Jordan Clark,MF,Luton Town,1.7,0,0,0.1,0.1,0,0.0,5
Cauley Woodrow,"FW,MF",Luton Town,0.9,0,0,0.6,0.6,0,0.3,5
Luke Berry,MF,Luton Town,0.4,0,0,0.0,0.0,0,0.0,0
Zeki Amdouni,"FW,MF",Burnley,16.1,4,0,3.7,3.7,1,1.0,38
Josh Brownhill,MF,Burnley,17.7,3,0,0.9,0.9,0,1.0,44
Sander Berge,MF,Burnley,16.4,1,0,1.3,1.3,1,0.8,25
Dara O'Shea,DF,Burnley,16.4,0,0,0.4,0.4,3,1.4,14
Charlie Taylor,DF,Burnley,16.0,1,0,0.1,0.1,1,0.5,17
Jordan Beyer,DF,Burnley,13.7,0,0,0.5,0.5,1,0.3,10
Vitinho,DF,Burnley,13.6,0,0,0.4,0.4,0,0.2,26
Luca Koleosho,"MF,FW",Burnley,10.8,1,0,2.0,2.0,1,1.3,28
Lyle Foster,"FW,MF",Burnley,10.9,4,0,2.0,2.0,3,1.3,19
Ameen Al-Dakhil,DF,Burnley,10.7,0,0,0.3,0.3,0,0.1,7
Josh Cullen,MF,Burnley,10.4,0,0,0.1,0.1,1,0.7,20
Jóhann Berg Guðmundsson,MF,Burnley,9.2,0,0,0.9,0.9,2,2.0,34
Connor Roberts,DF,Burnley,8.8,0,0,0.0,0.0,1,0.2,18
Wilson Odobert,"MF,FW",Burnley,7.2,3,0,0.6,0.6,1,1.0,26
Jay Rodriguez,FW,Burnley,7.8,2,1,3.0,2.2,1,0.1,11
Jacob Bruun Larsen,"MF,FW",Burnley,5.1,2,0,1.2,1.2,0,0.5,17
Mike Trésor,"FW,MF",Burnley,4.5,0,0,0.5,0.5,0,0.4,9
Hannes Delcroix,DF,Burnley,4.3,0,0,0.4,0.4,0,0.2,5
Aaron Ramsey,"MF,FW",Burnley,3.2,0,0,0.1,0.1,0,0.4,3
Hjalmar Ekdal,DF,Burnley,2.2,0,0,0.0,0.0,0,0.1,1
Anass Zaroury,"FW,MF",Burnley,1.5,0,0,0.2,0.2,0,0.0,2
Benson Manuel,"MF,FW",Burnley,0.8,0,0,0.0,0.0,0,0.0,2
Nathan Redmond,"FW,MF",Burnley,1.6,0,0,0.0,0.0,0,0.3,8
Michael Obafemi,"FW,MF",Burnley,0.2,0,0,0.1,0.1,0,0.0,1
Jack Cork,"MF,DF",Burnley,0.2,0,0,0.0,0.0,0,0.0,1
Jack Robinson,DF,Sheffield United,19.4,0,0,0.5,0.5,1,0.4,10
Vinicius Souza,MF,Sheffield United,17.7,0,0,0.2,0.2,0,0.0,13
Gustavo Hamer,MF,Sheffield United,16.9,2,0,1.7,1.7,2,2.1,58
Jayden Bogle,DF,Sheffield United,14.5,1,0,1.1,1.1,0,0.5,13
Anel Ahmedhodžić,DF,Sheffield United,14.5,1,0,1.2,1.2,0,0.0,13
Oliver Norwood,MF,Sheffield United,14.2,1,1,1.1,0.3,0,0.6,29
Auston Trusty,DF,Sheffield United,14.0,0,0,0.3,0.3,0,0.4,6
Luke Thomas,DF,Sheffield United,10.2,0,0,0.5,0.5,0,0.1,10
George Baldock,DF,Sheffield United,9.3,0,0,0.0,0.0,1,0.7,13
Oliver McBurnie,FW,Sheffield United,8.0,4,2,3.8,2.2,1,0.9,15
William Osula,FW,Sheffield United,6.3,0,0,1.3,1.3,0,0.1,9
Andre Brooks,"MF,DF",Sheffield United,5.4,0,0,0.2,0.2,0,0.1,5
John Egan,DF,Sheffield United,5.4,0,0,0.2,0.2,0,0.0,1
Bénie Adama Traore,"FW,MF",Sheffield United,4.3,0,0,0.3,0.3,0,0.5,6
Chris Basham,"DF,MF",Sheffield United,3.6,0,0,0.1,0.1,0,0.3,3
Anis Ben Slimane,MF,Sheffield United,3.6,0,0,0.7,0.7,0,0.3,8
Max Lowe,"DF,MF",Sheffield United,3.5,0,0,0.6,0.6,0,0.0,3
Ben Osborn,"DF,MF",Sheffield United,3.5,0,0,0.1,0.1,0,0.1,4
Yasser Larouci,DF,Sheffield United,3.1,0,0,0.2,0.2,0,0.0,4
Rhian Brewster,"FW,MF",Sheffield United,2.3,0,0,0.0,0.0,0,0.1,4
John Fleck,"MF,DF",Sheffield United,1.0,0,0,0.0,0.0,0,0.4,4
Ben Brereton,MF,Sheffield United,0.7,1,0,0.9,0.9,0,0.0,3
Tom Davies,MF,Sheffield United,0.7,0,0,0.1,0.1,0,0.1,2
Antwoine Hackford,FW,Sheffield United,0.1,0,0,0.0,0.0,0,0.0,0
Rhys Norrington-Davies,DF,Sheffield United,0.1,0,0,0.0,0.0,0,0.0,0
Sydie Peck,MF,Sheffield United,0.1,0,0,0.0,0.0,0,0.0,0
Ryan One,FW,Sheffield United,0.1,0,0,0.0,0.0,0,0.0,0
